{
  "label_order": [
    "Normal",
    "Depression",
    "Suicidal",
    "Anxiety",
    "Bipolar"
  ],
  "alpha": [
    0.7441703081130981,
    0.789766252040863,
    0.8029235005378723,
    0.576001763343811,
    0.5754348635673523
  ],
  "beta": [
    -1.007792353630066,
    -0.44957852363586426,
    -1.6924611330032349,
    -2.971648931503296,
    -2.8437912464141846
  ]
}