{
    "admiration": 0.3500000000000001,
    "amusement": 0.5000000000000001,
    "anger": 0.40000000000000013,
    "annoyance": 0.25000000000000006,
    "approval": 0.20000000000000004,
    "caring": 0.30000000000000004,
    "confusion": 0.30000000000000004,
    "curiosity": 0.30000000000000004,
    "desire": 0.45000000000000007,
    "disappointment": 0.20000000000000004,
    "disapproval": 0.25000000000000006,
    "disgust": 0.20000000000000004,
    "embarrassment": 0.30000000000000004,
    "excitement": 0.25000000000000006,
    "fear": 0.45000000000000007,
    "gratitude": 0.40000000000000013,
    "grief": 0.15000000000000002,
    "joy": 0.40000000000000013,
    "love": 0.3500000000000001,
    "nervousness": 0.15000000000000002,
    "neutral": 0.30000000000000004,
    "optimism": 0.30000000000000004,
    "pride": 0.1,
    "realization": 0.20000000000000004,
    "relief": 0.25000000000000006,
    "remorse": 0.3500000000000001,
    "sadness": 0.45000000000000007,
    "surprise": 0.3500000000000001
}